<Forms>
    <Form Class="Window" LAnchorPoint="0" LAnchorOffset="0" TAnchorPoint="0" TAnchorOffset="0" RAnchorPoint="0" RAnchorOffset="800" BAnchorPoint="0" BAnchorOffset="600" RelativeToClient="1" Font="Thick" Text="" Template="Default" TooltipType="OnCursor" Name="BetterQuestLogForm" Border="0" Picture="1" SwallowMouseClicks="1" Moveable="0" Escapable="0" Overlapped="1" BGColor="ffffffff" TextColor="ffffffff" TooltipColor="" Tooltip="" IgnoreMouse="1" Sprite="">
        <Control Class="Window" LAnchorPoint="0" LAnchorOffset="0" TAnchorPoint="0" TAnchorOffset="66" RAnchorPoint="0" RAnchorOffset="305" BAnchorPoint="1" BAnchorOffset="0" RelativeToClient="1" Font="CRB_InterfaceMedium_O" Text="" Template="CRB_Scroll_MetalLarge" TooltipType="OnCursor" Name="LeftSideScroll" BGColor="ffffffff" TextColor="ff5f6662" TooltipColor="" VScroll="1" IgnoreMouse="1" Picture="1" Sprite="CRB_Basekit:kitBase_MetalGrey_Small" DT_CENTER="1" DT_VCENTER="1" TextId="QuestLog_NoResults" Tooltip=""/>
        <Control Class="Window" LAnchorPoint="0" LAnchorOffset="0" TAnchorPoint="0" TAnchorOffset="0" RAnchorPoint="0" RAnchorOffset="304" BAnchorPoint="0" BAnchorOffset="66" RelativeToClient="1" Font="Default" Text="" Template="Default" TooltipType="OnCursor" Name="LeftSideFilterBtnsBG" BGColor="ffffffff" TextColor="ffffffff" TooltipColor="" Sprite="CRB_Basekit:kitBase_MetalGrey_Tiny" Picture="1" IgnoreMouse="1" HideInEditor="0" Tooltip="">
            <Control Class="MLWindow" LAnchorPoint="0" LAnchorOffset="0" TAnchorPoint="0" TAnchorOffset="1" RAnchorPoint="1" RAnchorOffset="0" BAnchorPoint="0" BAnchorOffset="21" RelativeToClient="1" Font="CRB_InterfaceSmall_O" Text="" Template="Default" TooltipType="OnCursor" Name="QuestLogCountText" BGColor="ffffffff" TextColor="UI_TextHoloBody" TooltipColor="" DT_CENTER="1" TextId=""/>
            <Control Class="Button" Base="CRB_Basekit:kitBtn_Metal_Tab" Font="CRB_InterfaceSmall_O" ButtonType="Check" RadioGroup="QuestLog_LeftSideTopBtns" LAnchorPoint="0.5" LAnchorOffset="-148" TAnchorPoint="0" TAnchorOffset="11" RAnchorPoint="0.5" RAnchorOffset="-72" BAnchorPoint="0" BAnchorOffset="63" DT_VCENTER="1" DT_CENTER="1" TooltipType="OnCursor" Name="LeftSideFilterBtnShowActive" BGColor="ffffffff" TextColor="ffffffff" TooltipColor="" NormalTextColor="ff2f94ac" PressedTextColor="ffffffff" FlybyTextColor="ff5bbbd2" PressedFlybyTextColor="ffffffff" DisabledTextColor="ff800000" Text="" TextId="QuestLog_Active" DT_RIGHT="0" GlobalRadioGroup="" RadioDisallowNonSelection="1" RelativeToClient="1" TestAlpha="0" NeverBringToFront="1">
                <Event Name="ButtonCheck" Function="DestroyAndRedraw"/>
            </Control>
            <Control Class="Button" Base="CRB_Basekit:kitBtn_Metal_Tab" Font="CRB_InterfaceSmall_O" ButtonType="Check" RadioGroup="QuestLog_LeftSideTopBtns" LAnchorPoint="0.5" LAnchorOffset="-66" TAnchorPoint="0" TAnchorOffset="12" RAnchorPoint="0.5" RAnchorOffset="10" BAnchorPoint="0" BAnchorOffset="64" DT_VCENTER="1" DT_CENTER="1" TooltipType="OnCursor" Name="LeftSideFilterBtnShowFinished" BGColor="ffffffff" TextColor="ffffffff" TooltipColor="" NormalTextColor="ff2f94ac" PressedTextColor="ffffffff" FlybyTextColor="ff5bbbd2" PressedFlybyTextColor="ffffffff" DisabledTextColor="ff800000" Text="" TextId="QuestLog_Finished" DT_RIGHT="0" GlobalRadioGroup="" RadioDisallowNonSelection="1" RelativeToClient="1" TestAlpha="0" NeverBringToFront="1">
                <Event Name="ButtonCheck" Function="DestroyAndRedraw"/>
            </Control>
            <Control Class="Button" Base="CRB_Basekit:kitBtn_Metal_Tab" Font="CRB_InterfaceSmall_O" ButtonType="Check" RadioGroup="QuestLog_LeftSideTopBtns" LAnchorPoint="0.5" LAnchorOffset="18" TAnchorPoint="0" TAnchorOffset="12" RAnchorPoint="0.5" RAnchorOffset="94" BAnchorPoint="0" BAnchorOffset="64" DT_VCENTER="1" DT_CENTER="1" TooltipType="OnCursor" Name="LeftSideFilterBtnShowHidden" BGColor="ffffffff" TextColor="ffffffff" TooltipColor="" NormalTextColor="ff2f94ac" PressedTextColor="ffffffff" FlybyTextColor="ff5bbbd2" PressedFlybyTextColor="ffffffff" DisabledTextColor="ff800000" Text="" TextId="CRB_CallbackIgnored" DT_RIGHT="0" GlobalRadioGroup="" RadioDisallowNonSelection="1" RelativeToClient="1" TestAlpha="0" DrawAsCheckbox="0" NeverBringToFront="1">
                <Event Name="ButtonCheck" Function="DestroyAndRedraw"/>
            </Control>
            <Pixie LAnchorPoint="0" LAnchorOffset="-40" TAnchorPoint="0" TAnchorOffset="-8" RAnchorPoint="1" RAnchorOffset="40" BAnchorPoint="0" BAnchorOffset="100" BGColor="ffffffff" Font="Default" TextColor="ffffffff" Text="" Sprite="CRB_Basekit:kitHeader_Hybrid_TitleOptions" Line="0"/>
            <Control Class="Button" Base="ActionSetBuilder_TEMP:btn_TEMP_SmallPlusMinus" Font="Thick" ButtonType="Check" RadioGroup="" LAnchorPoint="0" LAnchorOffset="280" TAnchorPoint="0" TAnchorOffset="31" RAnchorPoint="0" RAnchorOffset="307" BAnchorPoint="0" BAnchorOffset="58" DT_VCENTER="1" DT_CENTER="1" TooltipType="OnCursor" Name="ExpandAllBtn" BGColor="ffffffff" TextColor="ffffffff" TooltipColor="" NormalTextColor="ffffffff" PressedTextColor="ffffffff" FlybyTextColor="ffffffff" PressedFlybyTextColor="ffffffff" DisabledTextColor="ffffffff" Text="">
                <Event Name="ButtonCheck" Function="OnExpandChecked"/>
                <Event Name="ButtonUncheck" Function="OnExpandUnchecked"/>
            </Control>
            <Control Class="Window" LAnchorPoint="0" LAnchorOffset="246" TAnchorPoint="0" TAnchorOffset="21" RAnchorPoint="0" RAnchorOffset="277" BAnchorPoint="0" BAnchorOffset="59" RelativeToClient="1" Font="CRB_InterfaceSmall" Text="LvL" Template="Default" TooltipType="OnCursor" Name="ShowLevelItem" BGColor="ffffffff" TextColor="ffffffff" TooltipColor="" TextId="" DT_CENTER="1">
                <Control Class="Button" Base="CRB_Basekit:kitBtn_Radio_Small" Font="Thick" ButtonType="Check" RadioGroup="" LAnchorPoint="0" LAnchorOffset="3" TAnchorPoint="0" TAnchorOffset="13" RAnchorPoint="0" RAnchorOffset="31" BAnchorPoint="0" BAnchorOffset="39" DT_VCENTER="1" DT_CENTER="1" TooltipType="OnCursor" Name="ShowLevelCheckboxBtn" BGColor="ffffffff" TextColor="ffffffff" TooltipColor="" NormalTextColor="ffffffff" PressedTextColor="ffffffff" FlybyTextColor="ffffffff" PressedFlybyTextColor="ffffffff" DisabledTextColor="ffffffff">
                    <Event Name="ButtonCheck" Function="OnShowLevelChecked"/>
                    <Event Name="ButtonUncheck" Function="OnShowLevelUnchecked"/>
                </Control>
            </Control>
        </Control>
        <Control Class="Window" LAnchorPoint="0" LAnchorOffset="304" TAnchorPoint="0" TAnchorOffset="0" RAnchorPoint="1" RAnchorOffset="0" BAnchorPoint="1" BAnchorOffset="0" RelativeToClient="1" Font="Default" Text="" Template="Default" TooltipType="OnCursor" Name="RightSideBG" BGColor="ffffffff" TextColor="ffffffff" TooltipColor="" Sprite="CRB_Basekit:kitBase_HoloTeal_NoBorder" Picture="1" IgnoreMouse="1" Tooltip="">
            <Pixie LAnchorPoint="0" LAnchorOffset="0" TAnchorPoint="0" TAnchorOffset="0" RAnchorPoint="1" RAnchorOffset="0" BAnchorPoint="1" BAnchorOffset="0" BGColor="ffffffff" Font="Default" TextColor="ffffffff" Text="" Sprite="CRB_Basekit:kitAccent_Scanlines" Line="0"/>
        </Control>
        <Control Class="Window" LAnchorPoint="0" LAnchorOffset="304" TAnchorPoint="0" TAnchorOffset="0" RAnchorPoint="1" RAnchorOffset="0" BAnchorPoint="1" BAnchorOffset="-42" RelativeToClient="1" Font="Default" Text="" Template="CRB_Scroll_HoloLarge" TooltipType="OnCursor" Name="RightSide" BGColor="ffffffff" TextColor="ffffffff" TooltipColor="" VScroll="1" IgnoreMouse="1" Sprite="" Picture="1" Tooltip="" Visible="0">
            <Control Class="Window" LAnchorPoint="0" LAnchorOffset="0" TAnchorPoint="0" TAnchorOffset="0" RAnchorPoint="1" RAnchorOffset="3" BAnchorPoint="0" BAnchorOffset="45" RelativeToClient="1" Font="Default" Text="" Template="Default" TooltipType="OnCursor" Name="EpisodeInfo" BGColor="ffffffff" TextColor="ffffffff" TooltipColor="" Visible="1" HideInEditor="0" Sprite="" Picture="1" IgnoreMouse="1" NewControlDepth="1">
                <Control Class="MLWindow" LAnchorPoint="0" LAnchorOffset="57" TAnchorPoint="0" TAnchorOffset="9" RAnchorPoint="1" RAnchorOffset="-115" BAnchorPoint="0" BAnchorOffset="39" RelativeToClient="1" Font="CRB_InterfaceMedium_B" Text="" Template="Default" TooltipType="OnCursor" Name="EpisodeSummaryTitle" BGColor="ffffffff" TextColor="ffffffff" TooltipColor="" TextId="" DT_VCENTER="0" DT_BOTTOM="1" DT_CENTER="0" DT_WORDBREAK="1" IgnoreMouse="1"/>
                <Control Class="MLWindow" LAnchorPoint="0" LAnchorOffset="57" TAnchorPoint="0" TAnchorOffset="11" RAnchorPoint="1" RAnchorOffset="-115" BAnchorPoint="0" BAnchorOffset="41" RelativeToClient="1" Font="CRB_InterfaceMedium_B" Text="" Template="Default" TooltipType="OnCursor" Name="EpisodeSummaryTitle2" BGColor="ffffffff" TextColor="ffffffff" TooltipColor="" TextId="" DT_VCENTER="0" DT_BOTTOM="1" DT_CENTER="0" DT_WORDBREAK="1" IgnoreMouse="1"/>
                <Control Class="MLWindow" LAnchorPoint="1" LAnchorOffset="-90" TAnchorPoint="0" TAnchorOffset="12" RAnchorPoint="1" RAnchorOffset="-20" BAnchorPoint="0" BAnchorOffset="32" RelativeToClient="1" Font="CRB_InterfaceSmall" Text="" Template="Default" TooltipType="OnCursor" Name="EpisodeSummaryProgText" BGColor="ffffffff" TextColor="ff31fcf6" TooltipColor="" TextId="" DT_VCENTER="0" DT_RIGHT="0" DT_CENTER="1" Sprite="" Picture="0" IgnoreMouse="1"/>
                <Control Class="Window" LAnchorPoint="0" LAnchorOffset="8" TAnchorPoint="0" TAnchorOffset="33" RAnchorPoint="1" RAnchorOffset="-8" BAnchorPoint="1" BAnchorOffset="-19" RelativeToClient="1" Font="Default" Text="" Template="Default" TooltipType="OnCursor" Name="EpisodeSummaryPopoutTextBG" BGColor="ffffffff" TextColor="ffffffff" TooltipColor="" Sprite="" Picture="1" IgnoreMouse="1" HideInEditor="0" Visible="0"/>
                <Pixie LAnchorPoint="0" LAnchorOffset="-30" TAnchorPoint="0" TAnchorOffset="-30" RAnchorPoint="1" RAnchorOffset="30" BAnchorPoint="1" BAnchorOffset="7" BGColor="ffffffff" Font="Default" TextColor="ffffffff" Text="" Sprite="CRB_Basekit:kitBase_HoloBlue_InsetBorder_ThickPadded" Line="0"/>
                <Pixie LAnchorPoint="0" LAnchorOffset="8" TAnchorPoint="0" TAnchorOffset="11" RAnchorPoint="0" RAnchorOffset="68" BAnchorPoint="0" BAnchorOffset="48" BGColor="ffffffff" Font="CRB_InterfaceMedium_B" TextColor="UI_TextHoloTitle" Text="" TextId="QuestLog_PartOf" DT_VCENTER="0" DT_BOTTOM="0" Line="0"/>
                <Pixie LAnchorPoint="1" LAnchorOffset="-89" TAnchorPoint="0" TAnchorOffset="8" RAnchorPoint="1" RAnchorOffset="-21" BAnchorPoint="0" BAnchorOffset="32" BGColor="ffffffff" Font="Default" TextColor="ffffffff" Text="" TextId="" Sprite="CRB_Basekit:kitInnerFrame_Holo_SimpleInset" Line="0"/>
                <Control Class="MLWindow" LAnchorPoint="0" LAnchorOffset="8" TAnchorPoint="0" TAnchorOffset="37" RAnchorPoint="1" RAnchorOffset="-43" BAnchorPoint="1" BAnchorOffset="-9" RelativeToClient="1" Font="CRB_InterfaceMedium" Text="" Template="Default" TooltipType="OnCursor" Name="EpisodeSummaryPopoutText" BGColor="ffffffff" TextColor="ff2f94ac" TooltipColor="" TextId="" DT_WORDBREAK="1" IgnoreMouse="1"/>
            </Control>
            <Control Class="Window" LAnchorPoint="0" LAnchorOffset="0" TAnchorPoint="0" TAnchorOffset="57" RAnchorPoint="1" RAnchorOffset="0" BAnchorPoint="0" BAnchorOffset="620" RelativeToClient="1" Font="Default" Text="" Template="Default" TooltipType="OnCursor" Name="QuestInfo" BGColor="ffffffff" TextColor="ffffffff" TooltipColor="" Picture="1" IgnoreMouse="1" Sprite="kitBase_HoloBlue_InsetBorder_ThickPadded" HideInEditor="0">
                <Control Class="Window" LAnchorPoint="0" LAnchorOffset="0" TAnchorPoint="0" TAnchorOffset="0" RAnchorPoint="1" RAnchorOffset="0" BAnchorPoint="0" BAnchorOffset="113" RelativeToClient="1" Font="Default" Text="" Template="Default" TooltipType="OnCursor" Name="QuestInfoCallFrame" BGColor="ffffffff" TextColor="ffffffff" TooltipColor="" Picture="0" IgnoreMouse="1" Sprite="CRB_Basekit:kitBase_HoloBlue_PopoutSmall" Tooltip="" HideInEditor="0" Visible="0">
                    <Control Class="CostumeWindow" LAnchorPoint="0" LAnchorOffset="32" TAnchorPoint="0" TAnchorOffset="31" RAnchorPoint="0" RAnchorOffset="98" BAnchorPoint="0" BAnchorOffset="97" RelativeToClient="1" Font="Default" Text="" Template="Default" Name="QuestInfoCostumeWindow" BGColor="ffffffff" TextColor="ffffffff" Camera="Datachron" Animated="1" TooltipType="OnCursor" TooltipColor="" IgnoreMouse="1" HideInEditor="1" Sprite="" Picture="1">
                        <Event Name="MouseButtonDown" Function="OnQuestCallBtn"/>
                    </Control>
                    <Control Class="MLWindow" LAnchorPoint="0" LAnchorOffset="116" TAnchorPoint="0" TAnchorOffset="27" RAnchorPoint="1" RAnchorOffset="-108" BAnchorPoint="0" BAnchorOffset="103" RelativeToClient="1" Font="CRB_HeaderLarge_O" Text="" Template="Default" TooltipType="OnCursor" Name="QuestInfoCallFrameText" BGColor="ffffffff" TextColor="ffffffff" TooltipColor="" TextId="" DT_VCENTER="0" DT_WORDBREAK="1" IgnoreMouse="1"/>
                    <Control Class="Button" Base="CRB_Basekit:kitBtn_Holo_Large" Font="CRB_InterfaceMedium_BO" ButtonType="PushButton" RadioGroup="" LAnchorPoint="1" LAnchorOffset="-101" TAnchorPoint="0" TAnchorOffset="28" RAnchorPoint="1" RAnchorOffset="-29" BAnchorPoint="0" BAnchorOffset="100" DT_VCENTER="1" DT_CENTER="1" TooltipType="OnCursor" Name="QuestCallBtn" BGColor="ffffffff" TextColor="ffffffff" TooltipColor="" NormalTextColor="ff2f94ac" PressedTextColor="ff31fcf6" FlybyTextColor="ff31fcf6" PressedFlybyTextColor="ff31fcf6" DisabledTextColor="ff666666" Text="" TextId="" RelativeToClient="1" IgnoreMouse="1">
                        <Event Name="ButtonSignal" Function="OnQuestCallBtn"/>
                    </Control>
                    <Control Class="Window" LAnchorPoint="1" LAnchorOffset="-101" TAnchorPoint="0" TAnchorOffset="28" RAnchorPoint="1" RAnchorOffset="-29" BAnchorPoint="0" BAnchorOffset="100" RelativeToClient="1" Font="Default" Text="" Template="Default" TooltipType="OnCursor" Name="QuestCallBtnIcon" BGColor="ffffffff" TextColor="ffffffff" TooltipColor="" Sprite="ClientSprites:Icon_Windows_UI_CRB_Questlog_Call" Picture="1" IgnoreMouse="1" NewControlDepth="1"/>
                    <Pixie LAnchorPoint="0" LAnchorOffset="16" TAnchorPoint="0" TAnchorOffset="15" RAnchorPoint="1" RAnchorOffset="-16" BAnchorPoint="0" BAnchorOffset="113" BGColor="ffffffff" Font="Default" TextColor="ffffffff" Text="" Sprite="CRB_Basekit:kitBase_HoloBlue_TinyLitNoGlow" Line="0"/>
                    <Pixie LAnchorPoint="0" LAnchorOffset="20" TAnchorPoint="0" TAnchorOffset="19" RAnchorPoint="0" RAnchorOffset="110" BAnchorPoint="0" BAnchorOffset="109" BGColor="ffffffff" Font="Default" TextColor="ffffffff" Text="" Sprite="kitAccent_Frame_BlueSolid" Line="0"/>
                    <Pixie LAnchorPoint="1" LAnchorOffset="-104" TAnchorPoint="0" TAnchorOffset="25" RAnchorPoint="1" RAnchorOffset="-26" BAnchorPoint="0" BAnchorOffset="103" BGColor="ffffffff" Font="Default" TextColor="ffffffff" Text="" Sprite="CRB_Basekit:kitBase_HoloBlue_InsetSimple" Line="0"/>
                </Control>
                <Control Class="Window" LAnchorPoint="0" LAnchorOffset="0" TAnchorPoint="0" TAnchorOffset="111" RAnchorPoint="1" RAnchorOffset="0" BAnchorPoint="0" BAnchorOffset="153" RelativeToClient="1" Font="Default" Text="" Template="Default" TooltipType="OnCursor" Name="QuestInfoTitleAndEtcFrame" BGColor="ffffffff" TextColor="ffffffff" TooltipColor="" Sprite="">
                    <Control Class="Window" LAnchorPoint="0" LAnchorOffset="18" TAnchorPoint="0" TAnchorOffset="2" RAnchorPoint="1" RAnchorOffset="-17" BAnchorPoint="1" BAnchorOffset="10" RelativeToClient="1" Font="CRB_HeaderLarge_O" Text="" Template="Default" TooltipType="OnCursor" Name="QuestInfoTitle" BGColor="ffffffff" TextColor="ff7fffb9" TooltipColor="" TextId="CRB__2" DT_BOTTOM="0" HideInEditor="0" DT_VCENTER="1" DT_WORDBREAK="1"/>
                </Control>
                <Control Class="MLWindow" LAnchorPoint="0" LAnchorOffset="25" TAnchorPoint="0" TAnchorOffset="255" RAnchorPoint="1" RAnchorOffset="-20" BAnchorPoint="0" BAnchorOffset="255" RelativeToClient="1" Font="CRB_InterfaceMedium" Text="" Template="Default" TooltipType="OnCursor" Name="QuestInfoDescriptionText" BGColor="ffffffff" TextColor="ddffffff" TooltipColor="" TextId="" DT_WORDBREAK="1" IgnoreMouse="1"/>
                <Control Class="Window" LAnchorPoint="0" LAnchorOffset="0" TAnchorPoint="0" TAnchorOffset="0" RAnchorPoint="0" RAnchorOffset="1" BAnchorPoint="0" BAnchorOffset="8" RelativeToClient="1" Font="Default" Text="" Template="Default" TooltipType="OnCursor" Name="Padding" BGColor="ffffffff" TextColor="ffffffff" TooltipColor="" Tooltip=""/>
                <Control Class="MLWindow" LAnchorPoint="0" LAnchorOffset="33" TAnchorPoint="0" TAnchorOffset="255" RAnchorPoint="1" RAnchorOffset="-20" BAnchorPoint="0" BAnchorOffset="255" RelativeToClient="1" Font="CRB_InterfaceMedium" Text="" Template="Default" TooltipType="OnCursor" Name="QuestInfoMoreInfoText" BGColor="ffffffff" TextColor="ddffffff" TooltipColor="" TextId="" DT_WORDBREAK="1" IgnoreMouse="1" Tooltip=""/>
                <Control Class="Window" LAnchorPoint="0" LAnchorOffset="0" TAnchorPoint="0" TAnchorOffset="0" RAnchorPoint="0" RAnchorOffset="1" BAnchorPoint="0" BAnchorOffset="8" RelativeToClient="1" Font="Default" Text="" Template="Default" TooltipType="OnCursor" Name="Padding" BGColor="ffffffff" TextColor="ffffffff" TooltipColor="" Tooltip=""/>
                <Control Class="Window" LAnchorPoint="0" LAnchorOffset="16" TAnchorPoint="1" TAnchorOffset="-300" RAnchorPoint="1" RAnchorOffset="-16" BAnchorPoint="0" BAnchorOffset="301" RelativeToClient="1" Font="Default" Text="" Template="Default" TooltipType="OnCursor" Name="QuestInfoObjectivesFrame" BGColor="ffffffff" TextColor="ffffffff" TooltipColor="" Picture="1" IgnoreMouse="1" Sprite="">
                    <Control Class="Window" LAnchorPoint="0" LAnchorOffset="9" TAnchorPoint="0" TAnchorOffset="9" RAnchorPoint="1" RAnchorOffset="-9" BAnchorPoint="0" BAnchorOffset="29" RelativeToClient="1" Font="CRB_InterfaceMedium_B" Text="" Template="Default" TooltipType="OnCursor" Name="QuestInfoObjectivesTitle" BGColor="ffffffff" TextColor="ff7fffb9" TooltipColor="" TextId="CRB_Objectives" HideInEditor="0"/>
                    <Control Class="Window" LAnchorPoint="0" LAnchorOffset="9" TAnchorPoint="0" TAnchorOffset="29" RAnchorPoint="1" RAnchorOffset="-9" BAnchorPoint="1" BAnchorOffset="-9" RelativeToClient="1" Font="Default" Text="" Template="CRB_Scroll_HoloSmall" TooltipType="OnCursor" Name="QuestInfoObjectivesList" BGColor="ffffffff" TextColor="ffffffff" TooltipColor="" VScroll="0" IgnoreMouse="1" AutoHideScroll="0" Picture="0" Sprite=""/>
                    <Pixie LAnchorPoint="0" LAnchorOffset="0" TAnchorPoint="0" TAnchorOffset="4" RAnchorPoint="1" RAnchorOffset="0" BAnchorPoint="1" BAnchorOffset="-4" BGColor="ffffffff" Font="Default" TextColor="ffffffff" Text="" Sprite="CRB_Basekit:kitBase_HoloBlue_InsetBorder_Thin" Line="0"/>
                </Control>
                <Control Class="Window" LAnchorPoint="0" LAnchorOffset="16" TAnchorPoint="0" TAnchorOffset="382" RAnchorPoint="1" RAnchorOffset="-16" BAnchorPoint="0" BAnchorOffset="420" RelativeToClient="1" Font="Default" Text="" Template="Default" TooltipType="OnCursor" Name="QuestInfoRewardRecFrame" BGColor="ffffffff" TextColor="ffffffff" TooltipColor="" Picture="1" IgnoreMouse="1" Sprite="">
                    <Control Class="Window" LAnchorPoint="0" LAnchorOffset="9" TAnchorPoint="0" TAnchorOffset="9" RAnchorPoint="1" RAnchorOffset="-9" BAnchorPoint="0" BAnchorOffset="29" RelativeToClient="1" Font="CRB_InterfaceMedium_B" Text="" Template="Default" TooltipType="OnCursor" Name="QuestInfoRewardRecTitle" BGColor="ffffffff" TextColor="ff7fffb9" TooltipColor="" TextId="QuestLog_YouWillReceive" HideInEditor="0"/>
                    <Control Class="Window" LAnchorPoint="0" LAnchorOffset="0" TAnchorPoint="0" TAnchorOffset="29" RAnchorPoint="1" RAnchorOffset="0" BAnchorPoint="1" BAnchorOffset="-9" RelativeToClient="1" Font="Default" Text="" Template="CRB_Scroll_HoloSmall" TooltipType="OnCursor" Name="QuestInfoRewardRecList" BGColor="ffffffff" TextColor="ffffffff" TooltipColor="" VScroll="0" IgnoreMouse="1" AutoHideScroll="0" Picture="1" Sprite=""/>
                    <Pixie LAnchorPoint="0" LAnchorOffset="0" TAnchorPoint="0" TAnchorOffset="4" RAnchorPoint="1" RAnchorOffset="0" BAnchorPoint="1" BAnchorOffset="-4" BGColor="ffffffff" Font="Default" TextColor="ffffffff" Text="" Sprite="CRB_Basekit:kitBase_HoloBlue_InsetBorder_Thin" Line="0"/>
                </Control>
                <Control Class="Window" LAnchorPoint="0" LAnchorOffset="16" TAnchorPoint="0" TAnchorOffset="420" RAnchorPoint="1" RAnchorOffset="-16" BAnchorPoint="0" BAnchorOffset="458" RelativeToClient="1" Font="Default" Text="" Template="Default" TooltipType="OnCursor" Name="QuestInfoRewardChoFrame" BGColor="ffffffff" TextColor="ffffffff" TooltipColor="" Picture="1" IgnoreMouse="1" Sprite="">
                    <Control Class="Window" LAnchorPoint="0" LAnchorOffset="9" TAnchorPoint="0" TAnchorOffset="9" RAnchorPoint="1" RAnchorOffset="-9" BAnchorPoint="0" BAnchorOffset="29" RelativeToClient="1" Font="CRB_InterfaceMedium_B" Text="" Template="Default" TooltipType="OnCursor" Name="QuestInfoRewardChoTitle" BGColor="ffffffff" TextColor="ff7fffb9" TooltipColor="" TextId="QuestLog_CanChooseOne" HideInEditor="0"/>
                    <Control Class="Window" LAnchorPoint="0" LAnchorOffset="0" TAnchorPoint="0" TAnchorOffset="29" RAnchorPoint="1" RAnchorOffset="0" BAnchorPoint="1" BAnchorOffset="-9" RelativeToClient="1" Font="Default" Text="" Template="CRB_Scroll_HoloSmall" TooltipType="OnCursor" Name="QuestInfoRewardChoList" BGColor="ffffffff" TextColor="ffffffff" TooltipColor="" VScroll="0" IgnoreMouse="1" AutoHideScroll="0" Picture="1" Sprite=""/>
                    <Pixie LAnchorPoint="0" LAnchorOffset="0" TAnchorPoint="0" TAnchorOffset="4" RAnchorPoint="1" RAnchorOffset="0" BAnchorPoint="1" BAnchorOffset="-4" BGColor="ffffffff" Font="Default" TextColor="ffffffff" Text="" Sprite="CRB_Basekit:kitBase_HoloBlue_InsetBorder_Thin" Line="0"/>
                </Control>
                <Control Class="Window" LAnchorPoint="0" LAnchorOffset="0" TAnchorPoint="0" TAnchorOffset="0" RAnchorPoint="0" RAnchorOffset="1" BAnchorPoint="0" BAnchorOffset="12" RelativeToClient="1" Font="Default" Text="" Template="Default" TooltipType="OnCursor" Name="Padding" BGColor="ffffffff" TextColor="ffffffff" TooltipColor="" Tooltip=""/>
            </Control>
        </Control>
        <Control Class="Window" LAnchorPoint="0" LAnchorOffset="304" TAnchorPoint="1" TAnchorOffset="-50" RAnchorPoint="1" RAnchorOffset="0" BAnchorPoint="1" BAnchorOffset="0" RelativeToClient="1" Font="Default" Text="" Template="Default" TooltipType="OnCursor" Name="QuestInfoControls" BGColor="ffffffff" TextColor="ffffffff" TooltipColor="" Visible="1" HideInEditor="0" Sprite="" Picture="1" IgnoreMouse="1" NewWindowDepth="1">
            <Control Class="Window" LAnchorPoint="0" LAnchorOffset="0" TAnchorPoint="0" TAnchorOffset="16" RAnchorPoint="1" RAnchorOffset="0" BAnchorPoint="0" BAnchorOffset="46" RelativeToClient="1" Font="Default" Text="" Template="Default" TooltipType="OnCursor" Name="QuestInfoControlButtons" BGColor="ffffffff" TextColor="ffffffff" TooltipColor="" Sprite="" Picture="1" IgnoreMouse="1" HideInEditor="0">
                <Control Class="Window" LAnchorPoint="0.5" LAnchorOffset="-131" TAnchorPoint="0" TAnchorOffset="0" RAnchorPoint="0.5" RAnchorOffset="0" BAnchorPoint="0" BAnchorOffset="30" RelativeToClient="1" Font="Default" Text="" Template="Default" TooltipType="OnCursor" Name="QuestInfoControlsBGTrack" BGColor="ffffffff" TextColor="ffffffff" TooltipColor="" Sprite="" Picture="1" IgnoreMouse="1">
                    <Control Class="Button" Base="CRB_Basekit:kitBtn_Holo" Font="CRB_InterfaceMedium_B" ButtonType="PushButton" RadioGroup="" LAnchorPoint="0" LAnchorOffset="0" TAnchorPoint="0" TAnchorOffset="0" RAnchorPoint="1" RAnchorOffset="-4" BAnchorPoint="1" BAnchorOffset="0" DT_VCENTER="1" DT_CENTER="1" TooltipType="OnCursor" Name="QuestTrackBtn" BGColor="ffffffff" TextColor="ffffffff" TooltipColor="" NormalTextColor="UI_BtnTextHoloNormal" PressedTextColor="UI_BtnTextHoloPressed" FlybyTextColor="UI_BtnTextHoloFlyby" PressedFlybyTextColor="UI_BtnTextHoloPressedFlyby" DisabledTextColor="UI_BtnTextHoloDisabled" Text="" TextId="QuestLog_Track" TooltipFont="CRB_InterfaceSmall_O" Tooltip="" TooltipId="BetterQuestLog_AddToTracker" RelativeToClient="1" IgnoreMouse="0">
                        <Event Name="ButtonSignal" Function="OnQuestTrackBtn"/>
                    </Control>
                </Control>
                <Control Class="Window" LAnchorPoint="0.5" LAnchorOffset="0" TAnchorPoint="0" TAnchorOffset="0" RAnchorPoint="0.5" RAnchorOffset="131" BAnchorPoint="0" BAnchorOffset="30" RelativeToClient="1" Font="Default" Text="" Template="Default" TooltipType="OnCursor" Name="QuestInfoControlsBGAbandon" BGColor="ffffffff" TextColor="ffffffff" TooltipColor="" Sprite="" Picture="1" IgnoreMouse="1" Tooltip="">
                    <Control Class="Button" Base="CRB_Basekit:kitBtn_Holo" Font="CRB_InterfaceMedium_B" ButtonType="Check" RadioGroup="" LAnchorPoint="0" LAnchorOffset="4" TAnchorPoint="0" TAnchorOffset="0" RAnchorPoint="1" RAnchorOffset="0" BAnchorPoint="1" BAnchorOffset="0" DT_VCENTER="1" DT_CENTER="1" TooltipType="OnCursor" Name="QuestAbandonPopoutBtn" BGColor="ffffffff" TextColor="ffffffff" TooltipColor="" NormalTextColor="UI_BtnTextHoloNormal" PressedTextColor="UI_BtnTextHoloPressed" FlybyTextColor="UI_BtnTextHoloFlyby" PressedFlybyTextColor="UI_BtnTextHoloPressedFlyby" DisabledTextColor="UI_BtnTextHoloDisabled" Text="" TextId="CRB_Abandon" Tooltip="" TooltipFont="CRB_InterfaceSmall_O" TooltipId="QuestLog_AbandonTooltip" RelativeToClient="1" IgnoreMouse="0"/>
                    <Control Class="Window" LAnchorPoint="0.5" LAnchorOffset="-85" TAnchorPoint="0" TAnchorOffset="-77" RAnchorPoint="0.5" RAnchorOffset="86" BAnchorPoint="0" BAnchorOffset="5" RelativeToClient="1" Font="Default" Text="" Template="Default" TooltipType="OnCursor" Name="QuestAbandonConfirm" BGColor="ffffffff" TextColor="ffffffff" TooltipColor="" Sprite="CRB_Basekit:kitInnerFrame_Holo_DownArrowDark" Picture="1" IgnoreMouse="1" NoClip="1" CloseOnExternalClick="1" Visible="0" HideInEditor="1" Tooltip="" NewWindowDepth="1">
                        <Control Class="Button" Base="CRB_Basekit:kitBtn_Holo_Large" Font="CRB_InterfaceMedium_BO" ButtonType="PushButton" RadioGroup="" LAnchorPoint="0.5" LAnchorOffset="-75" TAnchorPoint="1" TAnchorOffset="-51" RAnchorPoint="0.5" RAnchorOffset="-2" BAnchorPoint="1" BAnchorOffset="-16" DT_VCENTER="1" DT_CENTER="1" TooltipType="OnCursor" Name="QuestAbandonBtn" BGColor="ffffffff" TextColor="ffffffff" TooltipColor="" NormalTextColor="ff2f94ac" PressedTextColor="ff31fcf6" FlybyTextColor="ff31fcf6" PressedFlybyTextColor="ff31fcf6" DisabledTextColor="ff666666" Text="" TextId="CRB_Yes">
                            <Event Name="ButtonSignal" Function="OnQuestAbandonBtn"/>
                        </Control>
                        <Control Class="Button" Base="CRB_Basekit:kitBtn_Holo_Large" Font="CRB_InterfaceMedium_BO" ButtonType="PushButton" RadioGroup="" LAnchorPoint="0.5" LAnchorOffset="2" TAnchorPoint="1" TAnchorOffset="-51" RAnchorPoint="0.5" RAnchorOffset="75" BAnchorPoint="1" BAnchorOffset="-16" DT_VCENTER="1" DT_CENTER="1" TooltipType="OnCursor" Name="QuestAbandonPopoutClose" BGColor="ffffffff" TextColor="ffffffff" TooltipColor="" NormalTextColor="ff2f94ac" PressedTextColor="ff31fcf6" FlybyTextColor="ff31fcf6" PressedFlybyTextColor="ff31fcf6" DisabledTextColor="ff666666" Text="" TextId="No">
                            <Event Name="ButtonSignal" Function="OnQuestAbandonPopoutClose"/>
                        </Control>
                        <Pixie LAnchorPoint="0" LAnchorOffset="8" TAnchorPoint="1" TAnchorOffset="-75" RAnchorPoint="1" RAnchorOffset="-8" BAnchorPoint="1" BAnchorOffset="-55" BGColor="ffffffff" Font="CRB_InterfaceMedium_B" TextColor="ff31fcf6" Text="" TextId="Bank_BuyConfirm" DT_CENTER="1" Line="0"/>
                    </Control>
                </Control>
                <Control Class="Window" LAnchorPoint="0" LAnchorOffset="383" TAnchorPoint="0" TAnchorOffset="0" RAnchorPoint="0" RAnchorOffset="518" BAnchorPoint="0" BAnchorOffset="30" RelativeToClient="1" Font="Default" Text="" Template="Default" TooltipType="OnCursor" Name="QuestInfoControlsBGShare" BGColor="ffffffff" TextColor="ffffffff" TooltipColor="" Sprite="" Picture="1" IgnoreMouse="1" Tooltip="" TooltipFont="CRB_InterfaceSmall_O" TooltipId="" Visible="0" HideInEditor="1">
                    <Control Class="Button" Base="CRB_Basekit:kitBtn_Holo" Font="CRB_InterfaceMedium_B" ButtonType="PushButton" RadioGroup="" LAnchorPoint="0" LAnchorOffset="8" TAnchorPoint="0" TAnchorOffset="0" RAnchorPoint="1" RAnchorOffset="0" BAnchorPoint="1" BAnchorOffset="0" DT_VCENTER="1" DT_CENTER="1" TooltipType="OnCursor" Name="QuestShareBtn" BGColor="ffffffff" TextColor="ffffffff" TooltipColor="" NormalTextColor="UI_BtnTextHoloNormal" PressedTextColor="UI_BtnTextHoloPressed" FlybyTextColor="UI_BtnTextHoloFlyby" PressedFlybyTextColor="UI_BtnTextHoloPressedFlyby" DisabledTextColor="UI_BtnTextHoloDisabled" Text="" TextId="QuestLog_ShareBtn" HideInEditor="0" TooltipFont="CRB_InterfaceSmall_O" Tooltip="" TooltipId="" IgnoreMouse="0" RelativeToClient="1">
                        <Event Name="ButtonSignal" Function="OnQuestShareBtn"/>
                    </Control>
                </Control>
            </Control>
            <!-- Don't hide quests! Just abandon them! Personal input coming in here... might wind up changing this back with good reason such as people not being able to retrieve their hidden quests-->
            <!-- <Control Class="Button" Base="CRB_Basekit:kitBtn_Holo" Font="CRB_InterfaceMedium_B" ButtonType="PushButton" RadioGroup="" LAnchorPoint="0.5" LAnchorOffset="-74" TAnchorPoint="0" TAnchorOffset="16" RAnchorPoint="0.5" RAnchorOffset="74" BAnchorPoint="0" BAnchorOffset="46" DT_VCENTER="1" DT_CENTER="1" TooltipType="OnCursor" Name="QuestInfoControlsHideBtn" BGColor="ffffffff" TextColor="ffffffff" TooltipColor="" NormalTextColor="UI_BtnTextHoloNormal" PressedTextColor="UI_BtnTextHoloPressed" FlybyTextColor="UI_BtnTextHoloFlyby" PressedFlybyTextColor="UI_BtnTextHoloPressedFlyby" DisabledTextColor="UI_BtnTextHoloDisabled" Text="" TextId="BetterQuestLog_HideQuest" Tooltip="" Visible="0" HideInEditor="1" TooltipFont="CRB_InterfaceSmall_O" TooltipId="BetterQuestLog_MoveToIgnoredList" RelativeToClient="1">
                <Event Name="ButtonSignal" Function="OnQuestHideBtn"/>
            </Control>
			-->
            <Pixie LAnchorPoint="0" LAnchorOffset="-30" TAnchorPoint="0" TAnchorOffset="0" RAnchorPoint="1" RAnchorOffset="30" BAnchorPoint="1" BAnchorOffset="30" BGColor="ffffffff" Font="Default" TextColor="ffffffff" Text="" Sprite="CRB_Basekit:kitBase_HoloBlue_InsetBorder_ThickPadded" Line="0"/>
        </Control>
        <Pixie LAnchorPoint="0" LAnchorOffset="281" TAnchorPoint="0" TAnchorOffset="0" RAnchorPoint="0" RAnchorOffset="304" BAnchorPoint="1" BAnchorOffset="0" BGColor="ffffffff" Font="Default" TextColor="ffffffff" Text="" Sprite="sprBetterQuestLog_Metal_VerticalDivider" Line="0"/>
    </Form>
    <Form Class="Window" LAnchorPoint="0" LAnchorOffset="0" TAnchorPoint="0" TAnchorOffset="0" RAnchorPoint="1" RAnchorOffset="0" BAnchorPoint="0" BAnchorOffset="26" RelativeToClient="1" Font="Default" Text="" Template="Default" TooltipType="OnCursor" Name="PreviousTopLevelItem" BGColor="ffffffff" TextColor="ffffffff" TooltipColor="" Tooltip="" Picture="1" Overlapped="1" Sprite="">
        <Control Class="Button" Base="ClientSprites:BagWindowExpand" Font="Thick" ButtonType="Check" RadioGroup="" LAnchorPoint="0" LAnchorOffset="0" TAnchorPoint="0" TAnchorOffset="2" RAnchorPoint="1" RAnchorOffset="0" BAnchorPoint="1" BAnchorOffset="0" DT_VCENTER="0" DT_CENTER="0" TooltipType="OnCursor" Name="PreviousTopLevelBtn" BGColor="ffffffff" TextColor="ffffffff" TooltipColor="" NormalTextColor="ffffffff" PressedTextColor="ffffffff" FlybyTextColor="ffffffff" PressedFlybyTextColor="ffffffff" DisabledTextColor="ffffffff" Text="" GlobalRadioGroup="">
            <Event Name="ButtonUncheck" Function="RedrawLeftTree"/>
            <Control Class="Window" LAnchorPoint="0" LAnchorOffset="20" TAnchorPoint="0" TAnchorOffset="0" RAnchorPoint="1" RAnchorOffset="0" BAnchorPoint="1" BAnchorOffset="0" RelativeToClient="1" Font="CRB_InterfaceSmall" Text="" Template="Default" TooltipType="OnCursor" Name="PreviousTopLevelBtnText" BGColor="ffffffff" TextColor="ffffffff" TooltipColor="" TextId="CRB__2" DT_VCENTER="0" DT_WORDBREAK="1"/>
            <Event Name="ButtonCheck" Function="OnTopLevelBtnCheck"/>
        </Control>
        <Control Class="Window" LAnchorPoint="0" LAnchorOffset="3" TAnchorPoint="0" TAnchorOffset="20" RAnchorPoint="1" RAnchorOffset="-8" BAnchorPoint="1" BAnchorOffset="-6" RelativeToClient="1" Font="Default" Text="" Template="Default" TooltipType="OnCursor" Name="PreviousTopLevelItems" BGColor="ffffffff" TextColor="ffffffff" TooltipColor=""/>
        <Control Class="ProgressBar" Text="" LAnchorPoint="0" LAnchorOffset="17" TAnchorPoint="0" TAnchorOffset="46" RAnchorPoint="1" RAnchorOffset="-9" BAnchorPoint="0" BAnchorOffset="68" AutoSetText="0" UseValues="0" RelativeToClient="1" SetTextToProgress="0" DT_CENTER="1" DT_VCENTER="1" ProgressEmpty="" ProgressFull="CRB_UIKitSprites:spr_progressbarSLIM_BlueFill" TooltipType="OnCursor" Name="PreviousTopLevelProgBar" BGColor="ffffffff" TextColor="ffffffff" TooltipColor="" BarColor="" Sprite="" IgnoreMouse="1" Visible="0" HideInEditor="1" Tooltip=""/>
    </Form>
    <Form Class="Window" LAnchorPoint="0" LAnchorOffset="0" TAnchorPoint="0" TAnchorOffset="0" RAnchorPoint="1" RAnchorOffset="0" BAnchorPoint="0" BAnchorOffset="60" RelativeToClient="1" Font="Default" Text="" Template="Default" TooltipType="OnCursor" Name="MiddleLevelItem" BGColor="ffffffff" TextColor="ffffffff" TooltipColor="" Tooltip="">
        <Control Class="Button" Base="kitBtn_List_MetalBorderArrow" Font="Thick" ButtonType="Check" RadioGroup="" LAnchorPoint="0" LAnchorOffset="0" TAnchorPoint="0" TAnchorOffset="0" RAnchorPoint="1" RAnchorOffset="0" BAnchorPoint="1" BAnchorOffset="0" DT_VCENTER="1" DT_CENTER="1" TooltipType="OnCursor" Name="MiddleLevelBtn" BGColor="ffffffff" TextColor="ffffffff" TooltipColor="" NormalTextColor="ffffffff" PressedTextColor="ffffffff" FlybyTextColor="ffffffff" PressedFlybyTextColor="ffffffff" DisabledTextColor="ffffffff" GlobalRadioGroup="BetterQuestLog_MiddleLevelBtn_GlobalRadioGroup" NeverBringToFront="1" RelativeToClient="1">
            <Event Name="ButtonCheck" Function="OnMiddleLevelBtnCheck"/>
            <Event Name="ButtonUncheck" Function="RedrawLeftTree"/>
        </Control>
        <Control Class="Window" LAnchorPoint="0" LAnchorOffset="8" TAnchorPoint="0" TAnchorOffset="8" RAnchorPoint="0" RAnchorOffset="42" BAnchorPoint="0" BAnchorOffset="42" RelativeToClient="1" Font="Default" Text="" Template="Default" TooltipType="OnCursor" Name="MiddleLevelIcon" BGColor="ffffffff" TextColor="ffffffff" TooltipColor="" Sprite="CRB_Basekit:kitIcon_Holo_Exclamation" Picture="1" IgnoreMouse="1" NewControlDepth="1" TooltipFont="CRB_InterfaceSmall_O" Tooltip=""/>
        <Control Class="Window" LAnchorPoint="0" LAnchorOffset="46" TAnchorPoint="0" TAnchorOffset="8" RAnchorPoint="1" RAnchorOffset="-28" BAnchorPoint="0" BAnchorOffset="42" RelativeToClient="1" Font="CRB_InterfaceMedium_B" Text="" Template="Default" TooltipType="OnCursor" Name="MiddleLevelBtnText" BGColor="ffffffff" TextColor="UI_TextMetalBodyHighlight" TooltipColor="" TextId="CRB__2" DT_VCENTER="1" DT_WORDBREAK="1"/>
        <Control Class="ProgressBar" Text="" LAnchorPoint="0" LAnchorOffset="17" TAnchorPoint="0" TAnchorOffset="23" RAnchorPoint="1" RAnchorOffset="-9" BAnchorPoint="0" BAnchorOffset="42" AutoSetText="0" UseValues="0" RelativeToClient="1" SetTextToProgress="0" DT_CENTER="1" DT_VCENTER="1" ProgressEmpty="" ProgressFull="CRB_UIKitSprites:spr_progressbarSLIM_BlueFill" TooltipType="OnCursor" Name="MiddleLevelProgBar" BGColor="ffffffff" TextColor="ffffffff" TooltipColor="" BarColor="" Sprite="" IgnoreMouse="1" Visible="0" HideInEditor="1" Tooltip=""/>
        <Control Class="Window" LAnchorPoint="0" LAnchorOffset="10" TAnchorPoint="0" TAnchorOffset="50" RAnchorPoint="1" RAnchorOffset="-10" BAnchorPoint="1" BAnchorOffset="-10" RelativeToClient="1" Font="Default" Text="" Template="Default" TooltipType="OnCursor" Name="MiddleLevelItems" BGColor="ffffffff" TextColor="ffffffff" TooltipColor=""/>
        <Pixie LAnchorPoint="0" LAnchorOffset="17" TAnchorPoint="0" TAnchorOffset="30" RAnchorPoint="1" RAnchorOffset="-9" BAnchorPoint="0" BAnchorOffset="41" BGColor="ff5c5c5c" Font="Default" TextColor="ffffffff" Text="" Sprite="CRB_UIKitSprites:spr_progressbarSLIM" Line="0"/>
    </Form>
    <Form Class="Window" LAnchorPoint="0" LAnchorOffset="0" TAnchorPoint="0" TAnchorOffset="0" RAnchorPoint="1" RAnchorOffset="0" BAnchorPoint="0" BAnchorOffset="34" RelativeToClient="1" Font="Default" Text="" Template="Default" TooltipType="OnCursor" Name="BottomLevelItem" BGColor="ffffffff" TextColor="ffffffff" TooltipColor="" Sprite="" Tooltip="">
        <Control Class="Button" Base="" Font="Thick" ButtonType="PushButton" RadioGroup="" LAnchorPoint="0" LAnchorOffset="28" TAnchorPoint="0" TAnchorOffset="0" RAnchorPoint="1" RAnchorOffset="0" BAnchorPoint="1" BAnchorOffset="-2" TooltipType="OnCursor" Name="BottomLevelQuestLinkBtn" BGColor="00ffffff" TextColor="ffffffff" TooltipColor="" NormalTextColor="ffffffff" PressedTextColor="ffffffff" FlybyTextColor="ffffffff" PressedFlybyTextColor="ffffffff" DisabledTextColor="ffffffff" GlobalRadioGroup="BetterQuestLog_BottomLevelBtn_GlobalRadioGroup" Text="" TextId="" ProcessRightClick="1" Sprite="ClientSprites:WhiteFill">
            <Event Name="ButtonDown" Function="OnBottomLevelBtnDown"/>
        </Control>
        <Control Class="Button" Base="CRB_Basekit:kitBtn_List_RightArrowHighlight" Font="Thick" ButtonType="Check" RadioGroup="" LAnchorPoint="0" LAnchorOffset="0" TAnchorPoint="0" TAnchorOffset="0" RAnchorPoint="1" RAnchorOffset="0" BAnchorPoint="1" BAnchorOffset="-2" TooltipType="OnCursor" Name="BottomLevelBtn" BGColor="ffffffff" TextColor="ffffffff" TooltipColor="" NormalTextColor="ffffffff" PressedTextColor="ffffffff" FlybyTextColor="ffffffff" PressedFlybyTextColor="ffffffff" DisabledTextColor="ffffffff" GlobalRadioGroup="BetterQuestLog_BottomLevelBtn_GlobalRadioGroup" Text="" TextId="" ProcessRightClick="0" IgnoreMouse="1" Tooltip="">
            <Event Name="ButtonCheck" Function="OnBottomLevelBtnCheck"/>
            <Event Name="ButtonUncheck" Function="RedrawLeftTree"/>
            <Control Class="Window" LAnchorPoint="0" LAnchorOffset="29" TAnchorPoint="0" TAnchorOffset="0" RAnchorPoint="1" RAnchorOffset="-2" BAnchorPoint="1" BAnchorOffset="0" RelativeToClient="1" Font="CRB_InterfaceSmall" Text="" Template="Default" TooltipType="OnCursor" Name="BottomLevelBtnText" BGColor="ffffffff" TextColor="ffffffff" TooltipColor="" TextId="CRB__2" DT_VCENTER="1" DT_WORDBREAK="1"/>
        </Control>
        <Control Class="Window" LAnchorPoint="0" LAnchorOffset="6" TAnchorPoint="0" TAnchorOffset="8" RAnchorPoint="0" RAnchorOffset="24" BAnchorPoint="0" BAnchorOffset="27" RelativeToClient="1" Font="Default" Text="" Template="Default" TooltipType="OnCursor" Name="BottomLevelBtnIcon" BGColor="ffffffff" TextColor="ffffffff" TooltipColor="" Sprite="" Picture="1" IgnoreMouse="1"/>
    </Form>
    <Form Class="Window" LAnchorPoint="0" LAnchorOffsetm="0" TAnchorPoint="0" TAnchorOffset="0" RAnchorPoint="1" RAnchorOffset="0" BAnchorPoint="0" BAnchorOffset="25" RelativeToClient="1" Font="Default" Text="" Template="Default" TooltipType="OnCursor" Name="ObjectivesItem" BGColor="ffffffff" TextColor="ffffffff" TooltipColor="" Picture="0" IgnoreMouse="1" Sprite="WhiteFill" TooltipFont="CRB_InterfaceMedium" Overlapped="1">
        <Control Class="Window" LAnchorPoint="0" LAnchorOffset="-2" TAnchorPoint="0" TAnchorOffset="2" RAnchorPoint="0" RAnchorOffset="16" BAnchorPoint="0" BAnchorOffset="20" RelativeToClient="1" Font="Default" Text="" Template="Default" TooltipType="OnCursor" Name="ObjectiveBullet" BGColor="ffffffff" TextColor="ffffffff" TooltipColor="" Picture="1" IgnoreMouse="1" Sprite="CRB_QuestTrackerSprites:sprQT_ObjectiveMarkNormal"/>
        <Control Class="MLWindow" LAnchorPoint="0" LAnchorOffset="15" TAnchorPoint="0" TAnchorOffset="0" RAnchorPoint="1" RAnchorOffset="0" BAnchorPoint="1" BAnchorOffset="0" RelativeToClient="1" Font="CRB_InterfaceMedium_B" Text="" Template="Default" TooltipType="OnCursor" Name="ObjectivesItemText" BGColor="ffffffff" TextColor="ffffffff" TooltipColor="" TextId="" IgnoreMouse="1" DT_WORDBREAK="1"/>
    </Form>
    <Form Class="Window" LAnchorPoint="0" LAnchorOffset="0" TAnchorPoint="0" TAnchorOffset="0" RAnchorPoint="1" RAnchorOffset="0" BAnchorPoint="0" BAnchorOffset="58" RelativeToClient="1" Font="Default" Text="" Template="Default" TooltipType="OnCursor" Name="RewardItem" BGColor="ffffffff" TextColor="ffffffff" TooltipColor="" Picture="1" IgnoreMouse="1" Sprite="" TooltipFont="CRB_InterfaceSmall_O" Overlapped="1" IgnoreTooltipDelay="1" Tooltip="">
        <Control Class="Window" LAnchorPoint="0" LAnchorOffset="16" TAnchorPoint="0.5" TAnchorOffset="-20" RAnchorPoint="0" RAnchorOffset="56" BAnchorPoint="0.5" BAnchorOffset="20" RelativeToClient="1" Font="CRB_InterfaceMedium_B" Text="" Template="Default" TooltipType="OnCursor" Name="RewardIcon" BGColor="ffffffff" TextColor="ffffffff" TooltipColor="" Sprite="ClientSprites:Icon_ItemMisc_UI_Item_Parchment" Picture="1" IgnoreMouse="1" DT_BOTTOM="1" DT_RIGHT="1" TextId="" IgnoreTooltipDelay="1" TooltipFont="CRB_InterfaceSmall_O" NewControlDepth="1"/>
        <Control Class="Window" LAnchorPoint="0" LAnchorOffset="70" TAnchorPoint="0.5" TAnchorOffset="-15" RAnchorPoint="1" RAnchorOffset="-8" BAnchorPoint="0.5" BAnchorOffset="15" RelativeToClient="1" Font="CRB_InterfaceMedium" Text="" Template="Default" TooltipType="OnCursor" Name="RewardItemText" BGColor="ffffffff" TextColor="ffffffff" TooltipColor="" TextId="" IgnoreMouse="1" DT_VCENTER="1"/>
        <Control Class="Window" LAnchorPoint="0" LAnchorOffset="8" TAnchorPoint="0" TAnchorOffset="2" RAnchorPoint="0" RAnchorOffset="38" BAnchorPoint="0" BAnchorOffset="32" RelativeToClient="1" Text="" Name="RewardItemCantUse" Picture="1" IgnoreMouse="1" Sprite="ClientSprites:Icon_Windows_UI_CRB_Tooltip_Restricted" BGColor="ffffffff" TextColor="ffffffff" NewControlDepth="1" Tooltip="" Font="Default" TooltipColor="" IgnoreTooltipDelay="1" TooltipType="OnCursor" Visible="0" TooltipFont="CRB_InterfaceSmall_O" TooltipId="Dialog_CantUseTooltip"/>
        <Pixie LAnchorPoint="0" LAnchorOffset="8" TAnchorPoint="0.5" TAnchorOffset="-27" RAnchorPoint="0" RAnchorOffset="62" BAnchorPoint="0.5" BAnchorOffset="27" BGColor="ffffffff" Font="Default" TextColor="ffffffff" Text="" Sprite="CRB_Basekit:kitBase_HoloBlue_InsetFramed_Small" Line="0"/>
    </Form>
    <Form Class="Window" LAnchorPoint=".5" LAnchorOffset="-154" TAnchorPoint=".5" TAnchorOffset="-224" RAnchorPoint=".5" RAnchorOffset="154" BAnchorPoint=".5" BAnchorOffset="-118" RelativeToClient="1" Font="CRB_InterfaceMedium" Text="" Template="Default" Name="ShareQuestNotice" Border="0" Picture="0" SwallowMouseClicks="1" Moveable="1" Escapable="1" Overlapped="1" BGColor="ffffffff" TextColor="ffffffff" NoClip="1" TooltipColor="" Tooltip="">
        <Control Class="Window" LAnchorPoint="0" LAnchorOffset="13" TAnchorPoint="0" TAnchorOffset="5" RAnchorPoint="1" RAnchorOffset="-13" BAnchorPoint="1" BAnchorOffset="-4" RelativeToClient="1" Font="CRB_InterfaceLarge" Text="" Template="CRB_Hologram" Name="Hologram" BGColor="ffffffff" TextColor="ff4dffff" Border="1" UseTemplateBG="1" Sprite="CRB_UIKitSprites:spr_HologramLines" Picture="1" DT_CENTER="1" DT_VCENTER="0" DT_WORDBREAK="1" DT_SINGLELINE="0" DT_BOTTOM="0" DT_RIGHT="0" TooltipColor="">
            <Control Class="Button" Base="" Font="CRB_InterfaceMedium" ButtonType="PushButton" RadioGroup="" LAnchorPoint="0" LAnchorOffset="27" TAnchorPoint="0" TAnchorOffset="47" RAnchorPoint="0" RAnchorOffset="141" BAnchorPoint="0" BAnchorOffset="93" DT_VCENTER="1" DT_CENTER="1" Name="AcceptBtn" BGColor="ffffffff" TextColor="ff4dffff" NormalTextColor="ff4dffff" PressedTextColor="ffffffff" FlybyTextColor="ffffffff" PressedFlybyTextColor="ffffffff" WindowSoundTemplate="PushbuttonDigi02" TextId="CRB_Accept">
                <Event Name="ButtonSignal" Function="OnShareAccept"/>
            </Control>
            <Control Class="Button" Base="" Font="CRB_InterfaceMedium" ButtonType="PushButton" RadioGroup="" LAnchorPoint="0" LAnchorOffset="141" TAnchorPoint="0" TAnchorOffset="47" RAnchorPoint="0" RAnchorOffset="255" BAnchorPoint="0" BAnchorOffset="93" DT_VCENTER="1" DT_CENTER="1" Name="CancelBtn" BGColor="ffffffff" TextColor="ff4dffff" NormalTextColor="ff4dffff" PressedTextColor="ffffffff" FlybyTextColor="ffffffff" PressedFlybyTextColor="ffffffff" WindowSoundTemplate="PushbuttonDigi03" TextId="CRB_Cancel">
                <Event Name="ButtonSignal" Function="OnShareCancel"/>
            </Control>
            <Control Class="Window" LAnchorPoint="0" LAnchorOffset="10" TAnchorPoint="0" TAnchorOffset="0" RAnchorPoint="1" RAnchorOffset="-7" BAnchorPoint="0" BAnchorOffset="49" RelativeToClient="1" Font="CRB_InterfaceMedium" Template="Default" Name="NoticeText" BGColor="ffffffff" TextColor="ff4dffff" DT_CENTER="1" DT_VCENTER="1" DT_WORDBREAK="1" TextId="CRB_Share_quest"/>
        </Control>
        <Control Class="Window" LAnchorPoint="0" LAnchorOffset="0" TAnchorPoint="0" TAnchorOffset="0" RAnchorPoint="1" RAnchorOffset="0" BAnchorPoint="1" BAnchorOffset="0" RelativeToClient="1" Font="CRB_InterfaceMedium" Text="" Template="Default" Name="Brackets" BGColor="ffffffff" TextColor="ffffffff" Picture="1" Sprite="CRB_UIKitSprites:spr_hologramBrackets" TooltipColor=""/>
        <Control Class="Button" Base="CRB_UIKitSprites:btn_closeSmall" Font="CRB_InterfaceMedium" ButtonType="PushButton" RadioGroup="" LAnchorPoint="0" LAnchorOffset="287" TAnchorPoint="0" TAnchorOffset="-2" RAnchorPoint="0" RAnchorOffset="311" BAnchorPoint="0" BAnchorOffset="23" DT_VCENTER="1" DT_CENTER="1" Name="CloseBtn" BGColor="ffffffff" TextColor="ffffffff" NoClip="1" WindowSoundTemplate="CloseWindowPhys" TooltipColor="" NormalTextColor="ffffffff" PressedTextColor="ffffffff" FlybyTextColor="ffffffff" PressedFlybyTextColor="ffffffff" DisabledTextColor="ffffffff">
            <Event Name="ButtonSignal" Function="OnShareCancel"/>
        </Control>
    </Form>
    <Form Class="Window" LAnchorPoint="0" LAnchorOffset="0" TAnchorPoint="1" TAnchorOffset="-16" RAnchorPoint="1" RAnchorOffset="0" BAnchorPoint="1" BAnchorOffset="0" RelativeToClient="1" Font="Default" Text="" Template="Default" Name="QuestProgressItem" BGColor="ffffffff" TextColor="ffffffff" TooltipColor="" Tooltip="">
        <Control Class="ProgressBar" Text="" LAnchorPoint="0" LAnchorOffset="11" TAnchorPoint="0" TAnchorOffset="-11" RAnchorPoint="1" RAnchorOffset="0" BAnchorPoint="0" BAnchorOffset="6" AutoSetText="0" UseValues="0" RelativeToClient="1" SetTextToProgress="0" ProgressFull="CRB_UIKitSprites:spr_progressbarSLIM_BlueFill" Name="QuestProgressBar" BGColor="ffffffff" TextColor="ffffffff" ProgressEdgeGlow="CRB_UIKitSprites:spr_progressbarSLIM_BlueCap" EdgeGlow="0" IgnoreMouse="1" TooltipColor="" BarColor="" NoClipEdgeGlow="0" Sprite="" Picture="0" NoClip="1" Tooltip=""/>
        <Pixie LAnchorPoint="0" LAnchorOffset="15" TAnchorPoint="0" TAnchorOffset="-5" RAnchorPoint="1" RAnchorOffset="-5" BAnchorPoint="0" BAnchorOffset="5" BGColor="ffffffff" Font="Default" TextColor="ffffffff" Text="" Sprite="CRB_UIKitSprites:spr_progressbarSLIM" Line="0"/>
    </Form>
    <Form Class="Window" LAnchorPoint="0" LAnchorOffset="0" TAnchorPoint="0" TAnchorOffset="0" RAnchorPoint="1" RAnchorOffset="0" BAnchorPoint="0" BAnchorOffset="23" RelativeToClient="1" Font="Default" Text="" Template="Default" TooltipType="OnCursor" Name="TopLevelItem" BGColor="ffffffff" TextColor="ffffffff" TooltipColor="" Sprite="" Tooltip="" Picture="0" Overlapped="1">
        <Control Class="Window" LAnchorPoint="0" LAnchorOffset="2" TAnchorPoint="0" TAnchorOffset="5" RAnchorPoint="0" RAnchorOffset="21" BAnchorPoint="1" BAnchorOffset="-3" RelativeToClient="1" Font="Default" Text="" Template="Default" TooltipType="OnCursor" Name="TopLevelBtnIcon" BGColor="ffffffff" TextColor="ffffffff" TooltipColor="" Sprite="" Picture="1" IgnoreMouse="1" MaintainAspectRatio="0" HideInEditor="0">
            <Pixie LAnchorPoint="0" LAnchorOffset="50" TAnchorPoint="0" TAnchorOffset="50" RAnchorPoint="0" RAnchorOffset="100" BAnchorPoint="0" BAnchorOffset="100" Sprite="CRB_Basekit:kitIcon_Holo_Checkmark" BGColor="white" TextColor="black" Rotation="0" Font="Default"/>
        </Control>
        <Control Class="Button" Font="Thick" ButtonType="Check" RadioGroup="" LAnchorPoint="0" LAnchorOffset="0" TAnchorPoint="0" TAnchorOffset="0" RAnchorPoint="1" RAnchorOffset="0" BAnchorPoint="1" BAnchorOffset="0" TooltipType="OnCursor" Name="TopLevelBtn" BGColor="ffffffff" TextColor="ffffffff" TooltipColor="" NormalTextColor="ffffffff" PressedTextColor="ffffffff" FlybyTextColor="ffffffff" PressedFlybyTextColor="ffffffff" DisabledTextColor="ffffffff" GlobalRadioGroup="BetterQuestLog_BottomLevelBtn_GlobalRadioGroup" Text="" TextId="" ProcessRightClick="0" IgnoreMouse="1" Tooltip="" Sizable="0" MaintainAspectRatio="0" RelativeToClient="1" Sprite="" Picture="1" Base="HologramSprites:HoloListSelectBtn" Border="0" UseTemplateBG="0" Moveable="0" Overlapped="0">
            <Control Class="Window" LAnchorPoint="0" LAnchorOffset="20" TAnchorPoint="0" TAnchorOffset="0" RAnchorPoint="1" RAnchorOffset="0" BAnchorPoint="1" BAnchorOffset="2" RelativeToClient="1" Font="CRB_InterfaceSmall" Text="" Template="Default" TooltipType="OnCursor" Name="TopLevelBtnText" BGColor="ffffffff" TextColor="ffffffff" TooltipColor="" TextId="CRB__2" DT_VCENTER="1" DT_WORDBREAK="0" DT_SINGLELINE="0"/>
            <Event Name="ButtonCheck" Function="OnBottomLevelBtnCheck"/>
            <Event Name="ButtonUncheck" Function="OnBottomLevelBtnUncheck"/>
        </Control>
        <Control Class="Button" Base="HologramSprites:HoloListSelectBtn" Font="Thick" ButtonType="PushButton" RadioGroup="" LAnchorPoint="0" LAnchorOffset="0" TAnchorPoint="0" TAnchorOffset="0" RAnchorPoint="1" RAnchorOffset="0" BAnchorPoint="1" BAnchorOffset="0" TooltipType="OnCursor" Name="BottomLevelQuestLinkBtn" BGColor="ffffffff" TextColor="ffffffff" TooltipColor="" NormalTextColor="ffffffff" PressedTextColor="ffffffff" FlybyTextColor="ffffffff" PressedFlybyTextColor="ffffffff" DisabledTextColor="ffffffff" GlobalRadioGroup="BetterQuestLog_BottomLevelBtn_GlobalRadioGroup" Text="" TextId="" ProcessRightClick="1" Sprite="" IgnoreMouse="1" RelativeToClient="1" HideInEditor="0" Visible="1" Picture="1" UseTemplateBG="0" Border="0" Overlapped="0">
            <Event Name="ButtonSignal" Function="CheckTrackedToggle"/>
            <Control Class="Window" LAnchorPoint="0" LAnchorOffset="1" TAnchorPoint="0" TAnchorOffset="1" RAnchorPoint="1" RAnchorOffset="-1" BAnchorPoint="1" BAnchorOffset="-1" RelativeToClient="0" Font="Default" Text="" Template="Default" TooltipType="OnCursor" Name="ProgressBarBG" BGColor="ffffffff" TextColor="ffffffff" TooltipColor="" Picture="1" IgnoreMouse="1" Overlapped="1" Sprite="WhiteFill" Border="0" Visible="0" Opacity="0.50"/>
        </Control>
        <Control Class="Window" LAnchorPoint="0" LAnchorOffset="8" TAnchorPoint="0" TAnchorOffset="62" RAnchorPoint="1" RAnchorOffset="-8" BAnchorPoint="1" BAnchorOffset="-8" RelativeToClient="1" Font="Default" Text="" Template="Default" TooltipType="OnCursor" Name="TopLevelItems" BGColor="ffffffff" TextColor="ffffffff" TooltipColor=""/>
    </Form>
    <Form Class="Window" LAnchorPoint="0" LAnchorOffset="10" TAnchorPoint="0" TAnchorOffset="10" RAnchorPoint="0" RAnchorOffset="300" BAnchorPoint="0" BAnchorOffset="225" RelativeToClient="1" Font="Default" Text="" Template="Default" TooltipType="OnCursor" Name="Bin" Border="1" Picture="1" SwallowMouseClicks="1" Moveable="1" Escapable="1" Overlapped="1" BGColor="ffffffff" TextColor="ffffffff" TooltipColor="">
        <Control Class="Window" LAnchorPoint="1" LAnchorOffset="-28" TAnchorPoint="0" TAnchorOffset="9" RAnchorPoint="0" RAnchorOffset="1391" BAnchorPoint="1" BAnchorOffset="1" RelativeToClient="1" Font="Default" Text="" Template="Default" TooltipType="OnCursor" Name="TopLevelBtnIcon" BGColor="ffffffff" TextColor="ffffffff" TooltipColor="" Sprite="" Picture="1" IgnoreMouse="1" MaintainAspectRatio="0"/>
        <Control Class="Window" LAnchorPoint="1" LAnchorOffset="-83" TAnchorPoint="0" TAnchorOffset="0" RAnchorPoint="0" RAnchorOffset="1400" BAnchorPoint="1" BAnchorOffset="0" RelativeToClient="1" Font="CRB_InterfaceSmall" Text="" Template="Default" TooltipType="OnCursor" Name="TopLevelStatusText" BGColor="ffffffff" TextColor="ffffffff" TooltipColor="" TextId="Challenges_NoProgress" DT_VCENTER="1" DT_WORDBREAK="1" DT_RIGHT="0" DT_CENTER="0" DT_BOTTOM="0"/>
        <Control Class="Window" LAnchorPoint="0" LAnchorOffset="8" TAnchorPoint="0" TAnchorOffset="68" RAnchorPoint="1" RAnchorOffset="-8" BAnchorPoint="1" BAnchorOffset="-13" RelativeToClient="1" Font="CRB_InterfaceMedium_B" Text="" Template="Default" TooltipType="OnCursor" Name="QuestInfoMoreInfoTextBG" BGColor="ffffffff" TextColor="ff7fffb9" TooltipColor="" Sprite="CRB_Basekit:kitBase_HoloBlue_Tiny" Picture="1" IgnoreMouse="1" NormalTextColor="ffffffff" PressedTextColor="ffffffff" FlybyTextColor="ffffffff" PressedFlybyTextColor="ffffffff" DisabledTextColor="ffffffff" Base="" Visible="0" HideInEditor="0" TextId="" DT_BOTTOM="1" Tooltip="" CloseOnExternalClick="0">
            <Control Class="MLWindow" LAnchorPoint="0" LAnchorOffset="16" TAnchorPoint="0" TAnchorOffset="16" RAnchorPoint="1" RAnchorOffset="-16" BAnchorPoint="1" BAnchorOffset="-16" RelativeToClient="1" Font="CRB_InterfaceMedium" Text="" Template="Default" TooltipType="OnCursor" Name="QuestInfoMoreInfoText" BGColor="ffffffff" TextColor="ddffffff" TooltipColor="" TextId="" DT_WORDBREAK="1" IgnoreMouse="1" Tooltip=""/>
        </Control>
        <Control Class="Window" LAnchorPoint="0" LAnchorOffset="8" TAnchorPoint="0" TAnchorOffset="68" RAnchorPoint="1" RAnchorOffset="-8" BAnchorPoint="1" BAnchorOffset="-13" RelativeToClient="1" Font="CRB_InterfaceMedium_B" Text="" Template="Default" TooltipType="OnCursor" Name="QuestInfoMoreInfoTextBG1" BGColor="ffffffff" TextColor="ff7fffb9" TooltipColor="" Sprite="CRB_Basekit:kitBase_HoloBlue_Tiny" Picture="1" IgnoreMouse="1" NormalTextColor="ffffffff" PressedTextColor="ffffffff" FlybyTextColor="ffffffff" PressedFlybyTextColor="ffffffff" DisabledTextColor="ffffffff" Base="" Visible="0" HideInEditor="0" TextId="" DT_BOTTOM="1" Tooltip="" CloseOnExternalClick="0"/>
        <Control Class="Button" Base="kitBtn_Dropdown_TextBaseHolo2" Font="CRB_InterfaceMedium_B" ButtonType="Check" RadioGroup="" LAnchorPoint="0" LAnchorOffset="8" TAnchorPoint="0" TAnchorOffset="33" RAnchorPoint="1" RAnchorOffset="-8" BAnchorPoint="0" BAnchorOffset="69" DT_VCENTER="1" DT_CENTER="1" TooltipType="OnCursor" Name="QuestInfoMoreInfoToggleBtn" BGColor="ffffffff" TextColor="ff7fffb9" TooltipColor="" NormalTextColor="ff7fffb9" PressedTextColor="ff7fffb9" FlybyTextColor="ff31fcf6" PressedFlybyTextColor="ff31fcf6" DisabledTextColor="ff666666" Text="" TextId="" DT_RIGHT="0" RelativeToClient="1" Tooltip="">
            <Event Name="ButtonCheck" Function="OnQuestInfoMoreInfoToggleBtn"/>
            <Event Name="ButtonUncheck" Function="OnQuestInfoMoreInfoToggleBtn"/>
            <Control Class="Window" LAnchorPoint="0" LAnchorOffset="16" TAnchorPoint="1" TAnchorOffset="-36" RAnchorPoint="1" RAnchorOffset="0" BAnchorPoint="1" BAnchorOffset="0" RelativeToClient="1" Font="CRB_InterfaceMedium_B" Text="" Template="Default" TooltipType="OnCursor" Name="QuestInfoMoreInfoToggleBtnText" BGColor="ffffffff" TextColor="ff2f94ac" TooltipColor="" TextId="QuestLog_OpenPlaybackLog" DT_VCENTER="1">
                <Event Name="MouseEnter" Function="OnQuestInfoMoreInfoMouseEnter"/>
                <Event Name="MouseExit" Function="OnQuestInfoMoreInfoMouseExit"/>
            </Control>
        </Control>
        <Control Class="Window" LAnchorPoint="0" LAnchorOffset="16" TAnchorPoint="0" TAnchorOffset="301" RAnchorPoint="1" RAnchorOffset="-16" BAnchorPoint="0" BAnchorOffset="382" RelativeToClient="1" Font="Default" Text="" Template="Default" TooltipType="OnCursor" Name="QuestInfoMoreInfoFrame" BGColor="ffffffff" TextColor="ffffffff" TooltipColor="" Picture="1" IgnoreMouse="1" Sprite="" Tooltip="">
            <Pixie LAnchorPoint="0" LAnchorOffset="0" TAnchorPoint="0" TAnchorOffset="4" RAnchorPoint="1" RAnchorOffset="0" BAnchorPoint="1" BAnchorOffset="-4" BGColor="ffffffff" Font="Default" TextColor="ffffffff" Text="" Sprite="CRB_Basekit:kitBase_HoloBlue_InsetBorder_Thin" Line="0"/>
            <Pixie LAnchorPoint="0" LAnchorOffset="9" TAnchorPoint="0" TAnchorOffset="9" RAnchorPoint="1" RAnchorOffset="-9" BAnchorPoint="0" BAnchorOffset="29" BGColor="ffffffff" Font="CRB_InterfaceMedium_B" TextColor="ff7fffb9" Text="" TextId="QuestLog_MoreInfo" Line="0"/>
            <Control Class="MLWindow" LAnchorPoint="0" LAnchorOffset="8" TAnchorPoint="0" TAnchorOffset="23" RAnchorPoint="1" RAnchorOffset="-3" BAnchorPoint="1" BAnchorOffset="-9" RelativeToClient="1" Font="CRB_InterfaceMedium" Text="" Template="Default" TooltipType="OnCursor" Name="QuestInfoMoreInfoText" BGColor="ffffffff" TextColor="ddffffff" TooltipColor="" TextId="" DT_WORDBREAK="1" IgnoreMouse="1" Tooltip=""/>
        </Control>
    </Form>
    <Form Class="Window" LAnchorPoint="0" LAnchorOffset="0" TAnchorPoint="0" TAnchorOffset="0" RAnchorPoint="1" RAnchorOffset="0" BAnchorPoint="0" BAnchorOffset="70" RelativeToClient="1" Font="Default" Text="" Template="Default" TooltipType="OnCursor" Name="PreviousTopLevelItem1" BGColor="ffffffff" TextColor="ffffffff" TooltipColor="" Tooltip="" Picture="1" Overlapped="1" Sprite="CRB_Basekit:kitInnerFrame_MetalGold_FrameDull">
        <Control Class="Button" Base="CRB_Basekit:kitBtn_Dropdown_Metal_LargeHighlight" Font="Thick" ButtonType="Check" RadioGroup="" LAnchorPoint="0" LAnchorOffset="8" TAnchorPoint="0" TAnchorOffset="-8" RAnchorPoint="1" RAnchorOffset="-8" BAnchorPoint="0" BAnchorOffset="62" DT_VCENTER="1" DT_CENTER="1" TooltipType="OnCursor" Name="PreviousTopLevelBtn" BGColor="ffffffff" TextColor="ffffffff" TooltipColor="" NormalTextColor="ffffffff" PressedTextColor="ffffffff" FlybyTextColor="ffffffff" PressedFlybyTextColor="ffffffff" DisabledTextColor="ffffffff" Text="" GlobalRadioGroup="">
            <Event Name="ButtonUncheck" Function="RedrawLeftTree"/>
            <Control Class="Window" LAnchorPoint="0" LAnchorOffset="10" TAnchorPoint="0" TAnchorOffset="0" RAnchorPoint="1" RAnchorOffset="-2" BAnchorPoint="1" BAnchorOffset="0" RelativeToClient="1" Font="CRB_InterfaceSmall" Text="" Template="Default" TooltipType="OnCursor" Name="PreviousTopLevelBtnText" BGColor="ffffffff" TextColor="ffffffff" TooltipColor="" TextId="CRB__2" DT_VCENTER="1" DT_WORDBREAK="1"/>
            <Event Name="ButtonCheck" Function="OnTopLevelBtnCheck"/>
        </Control>
        <Control Class="Window" LAnchorPoint="0" LAnchorOffset="8" TAnchorPoint="0" TAnchorOffset="62" RAnchorPoint="1" RAnchorOffset="-8" BAnchorPoint="1" BAnchorOffset="-8" RelativeToClient="1" Font="Default" Text="" Template="Default" TooltipType="OnCursor" Name="PreviousTopLevelItems" BGColor="ffffffff" TextColor="ffffffff" TooltipColor=""/>
        <Control Class="ProgressBar" Text="" LAnchorPoint="0" LAnchorOffset="17" TAnchorPoint="0" TAnchorOffset="46" RAnchorPoint="1" RAnchorOffset="-9" BAnchorPoint="0" BAnchorOffset="68" AutoSetText="0" UseValues="0" RelativeToClient="1" SetTextToProgress="0" DT_CENTER="1" DT_VCENTER="1" ProgressEmpty="" ProgressFull="CRB_UIKitSprites:spr_progressbarSLIM_BlueFill" TooltipType="OnCursor" Name="PreviousTopLevelProgBar" BGColor="ffffffff" TextColor="ffffffff" TooltipColor="" BarColor="" Sprite="" IgnoreMouse="1" Visible="0" HideInEditor="1" Tooltip=""/>
        <Control Class="Window" LAnchorPoint="0" LAnchorOffset="6" TAnchorPoint="0" TAnchorOffset="8" RAnchorPoint="0" RAnchorOffset="24" BAnchorPoint="0" BAnchorOffset="26" RelativeToClient="1" Font="Default" Text="" Template="Default" TooltipType="OnCursor" Name="PreviousTopLevelBtnIcon" BGColor="ffffffff" TextColor="ffffffff" TooltipColor="" Sprite="" Picture="1" IgnoreMouse="1"/>
        <Control Class="Window" LAnchorPoint="0" LAnchorOffset="8" TAnchorPoint="0" TAnchorOffset="8" RAnchorPoint="0" RAnchorOffset="42" BAnchorPoint="0" BAnchorOffset="42" RelativeToClient="1" Font="Default" Text="" Template="Default" TooltipType="OnCursor" Name="PreviousTopLevelIcon" BGColor="ffffffff" TextColor="ffffffff" TooltipColor="" Sprite="CRB_Basekit:kitIcon_Holo_Exclamation" Picture="1" IgnoreMouse="1" NewControlDepth="1" TooltipFont="CRB_InterfaceSmall_O" Tooltip=""/>
    </Form>
</Forms>
